{
    "epoch": 1.0,
    "total_flos": 2.9479868496347136e+16,
    "train_loss": 3.740854726891503,
    "train_runtime": 3776.6742,
    "train_samples": 68009,
    "train_samples_per_second": 18.008,
    "train_steps_per_second": 1.201
}