{
    "epoch": 1.0,
    "eval_accuracy": 0.039525691699604744,
    "eval_loss": 7.0957183837890625,
    "eval_perplexity": 1206.7889898154417,
    "eval_runtime": 4.2993,
    "eval_samples": 143,
    "eval_samples_per_second": 33.261,
    "eval_steps_per_second": 2.093,
    "total_flos": 2.947596824032051e+16,
    "train_loss": 0.0012855073224023771,
    "train_runtime": 6.5646,
    "train_samples": 68009,
    "train_samples_per_second": 10359.937,
    "train_steps_per_second": 2590.099
}