{
    "epoch": 1.0,
    "total_flos": 2.9472501346074624e+16,
    "train_loss": 3.764891120356073,
    "train_runtime": 1739.167,
    "train_samples": 68009,
    "train_samples_per_second": 39.104,
    "train_steps_per_second": 2.444
}