{
    "epoch": 1.0,
    "eval_accuracy": 0.9718981555815948,
    "eval_loss": 0.1297251582145691,
    "eval_perplexity": 1.1385154287069223,
    "eval_runtime": 4.1712,
    "eval_samples": 143,
    "eval_samples_per_second": 34.282,
    "eval_steps_per_second": 2.158,
    "total_flos": 2.947596824032051e+16,
    "train_loss": 1.1275281590594548,
    "train_runtime": 3487.1224,
    "train_samples": 68009,
    "train_samples_per_second": 19.503,
    "train_steps_per_second": 4.876
}