{
    "epoch": 1.0,
    "total_flos": 2.9472501346074624e+16,
    "train_loss": 3.8044080629083727,
    "train_runtime": 3672.7948,
    "train_samples": 68009,
    "train_samples_per_second": 18.517,
    "train_steps_per_second": 1.234
}