{
    "epoch": 1.0,
    "eval_accuracy": 0.04707212670085167,
    "eval_loss": 6.942963600158691,
    "eval_perplexity": 1035.8354727891472,
    "eval_runtime": 3.9247,
    "eval_samples": 143,
    "eval_samples_per_second": 36.436,
    "eval_steps_per_second": 2.293,
    "total_flos": 2.94794351345664e+16,
    "train_loss": 7.508884244839289,
    "train_runtime": 3961.0214,
    "train_samples": 68009,
    "train_samples_per_second": 17.17,
    "train_steps_per_second": 4.293
}