{
    "epoch": 1.0,
    "eval_accuracy": 0.43338537378596,
    "eval_loss": 3.1373260021209717,
    "eval_perplexity": 23.042169693551596,
    "eval_runtime": 4.284,
    "eval_samples": 143,
    "eval_samples_per_second": 33.38,
    "eval_steps_per_second": 2.101,
    "total_flos": 2.9479868496347136e+16,
    "train_loss": 3.740854726891503,
    "train_runtime": 3754.7429,
    "train_samples": 68009,
    "train_samples_per_second": 18.113,
    "train_steps_per_second": 1.208
}