{
    "epoch": 1.0,
    "eval_accuracy": 0.05864287153979387,
    "eval_loss": 7.005976676940918,
    "eval_perplexity": 1103.2070058517315,
    "eval_runtime": 4.5753,
    "eval_samples": 143,
    "eval_samples_per_second": 31.255,
    "eval_steps_per_second": 1.967,
    "total_flos": 2.9472501346074624e+16,
    "train_loss": 7.073592454962241,
    "train_runtime": 4066.4863,
    "train_samples": 68009,
    "train_samples_per_second": 16.724,
    "train_steps_per_second": 0.984
}