{
    "epoch": 1.0,
    "eval_accuracy": 0.44726548488150836,
    "eval_loss": 2.9938461780548096,
    "eval_perplexity": 19.96231364122419,
    "eval_runtime": 4.2204,
    "eval_samples": 143,
    "eval_samples_per_second": 33.883,
    "eval_steps_per_second": 2.132,
    "total_flos": 2.9472501346074624e+16,
    "train_loss": 3.567424932666959,
    "train_runtime": 3884.6038,
    "train_samples": 68009,
    "train_samples_per_second": 17.507,
    "train_steps_per_second": 2.189
}