{
    "epoch": 1.0,
    "eval_accuracy": 0.9638187899057464,
    "eval_loss": 0.20213524997234344,
    "eval_perplexity": 1.224013544714766,
    "eval_runtime": 4.2928,
    "eval_samples": 143,
    "eval_samples_per_second": 33.312,
    "eval_steps_per_second": 2.097
}