{
    "epoch": 1.0,
    "total_flos": 2.9479868496347136e+16,
    "train_loss": 2.0742887293761347,
    "train_runtime": 3718.1496,
    "train_samples": 68009,
    "train_samples_per_second": 18.291,
    "train_steps_per_second": 1.219
}