{
    "epoch": 1.0,
    "total_flos": 2.9472501346074624e+16,
    "train_loss": 6.794159395670616,
    "train_runtime": 2387.3498,
    "train_samples": 68009,
    "train_samples_per_second": 28.487,
    "train_steps_per_second": 3.561
}