{
    "epoch": 1.0,
    "eval_accuracy": 0.349028597196648,
    "eval_loss": 3.7446348667144775,
    "eval_perplexity": 42.29356161204898,
    "eval_runtime": 4.431,
    "eval_samples": 143,
    "eval_samples_per_second": 32.272,
    "eval_steps_per_second": 2.031
}