{
    "epoch": 1.0,
    "total_flos": 2.9472501346074624e+16,
    "train_loss": 4.413290178081567,
    "train_runtime": 3616.088,
    "train_samples": 68009,
    "train_samples_per_second": 18.807,
    "train_steps_per_second": 1.106
}