{
    "epoch": 1.0,
    "eval_accuracy": 0.06308737671707872,
    "eval_loss": 7.075796127319336,
    "eval_perplexity": 1182.984932628297,
    "eval_runtime": 5.0582,
    "eval_samples": 143,
    "eval_samples_per_second": 28.271,
    "eval_steps_per_second": 1.779,
    "total_flos": 3.122507993107661e+16,
    "train_loss": 7.138619414919738,
    "train_runtime": 4368.6567,
    "train_samples": 68009,
    "train_samples_per_second": 15.567,
    "train_steps_per_second": 1.038
}