{
    "epoch": 1.0,
    "eval_accuracy": 0.42977101062103507,
    "eval_loss": 3.1634738445281982,
    "eval_perplexity": 23.652618899801737,
    "eval_runtime": 4.4853,
    "eval_samples": 143,
    "eval_samples_per_second": 31.882,
    "eval_steps_per_second": 2.007
}