{
    "epoch": 1.0,
    "total_flos": 2.9472501346074624e+16,
    "train_loss": 3.787433412962334,
    "train_runtime": 3940.4746,
    "train_samples": 68009,
    "train_samples_per_second": 17.259,
    "train_steps_per_second": 1.015
}