{
    "epoch": 1.0,
    "eval_accuracy": 0.05852330376023586,
    "eval_loss": 6.495654106140137,
    "eval_perplexity": 662.257270212431,
    "eval_runtime": 3.8185,
    "eval_samples": 143,
    "eval_samples_per_second": 37.449,
    "eval_steps_per_second": 2.357
}