{
    "epoch": 1.0,
    "total_flos": 2.94794351345664e+16,
    "train_loss": 5.718646092295107,
    "train_runtime": 3081.4367,
    "train_samples": 68009,
    "train_samples_per_second": 22.071,
    "train_steps_per_second": 5.518
}