{
    "epoch": 1.0,
    "total_flos": 2.9472501346074624e+16,
    "train_loss": 5.76148245980167,
    "train_runtime": 2194.4668,
    "train_samples": 68009,
    "train_samples_per_second": 30.991,
    "train_steps_per_second": 3.874
}